venda_id,data,cliente_id,ilha,categoria,quantidade,preco_unitario
V001446,2025-01-01,C0015,São Vicente,Mercearia,39,110
V004133,2025-01-01,C0051,Sal,Frescos,2,220
V010486,2025-01-01,C0151,Fogo,Limpeza,6,1250
V012275,2025-01-01,C0184,Santiago,Mercearia,1,130
V006304,2025-01-02,C0085,Fogo,Frescos,3,650
V014314,2025-01-02,C0211,São Vicente,Frescos,13,650
V024991,2025-01-02,C0357,Santiago,Limpeza,7,150
V013550,2025-01-04,C0203,Santiago,Mercearia,26,60
V023270,2025-01-04,C0333,São Vicente,Mercearia,14,330
V009966,2025-01-05,C0144,Fogo,Bebidas,20,110
V015499,2025-01-05,C0226,Santiago,Higiene,13,390
V019658,2025-01-05,C0285,Fogo,Mercearia,15,210
V003621,2025-01-06,C0044,São Vicente,Mercearia,14,150
V016325,2025-01-06,C0239,Santiago,Mercearia,5,110
V018223,2025-01-06,C0269,Boa Vista,Limpeza,21,690
V018947,2025-01-06,C0277,São Vicente,Mercearia,12,130
V023214,2025-01-06,C0332,Santiago,Frescos,5,140
V027769,2025-01-06,C0398,Santiago,Mercearia,33,160
V030510,2025-01-06,C0439,São Vicente,Frescos,30,360
V005165,2025-01-07,C0064,São Vicente,Limpeza,18,690
V024887,2025-01-07,C0356,Fogo,Frescos,2,360
V029699,2025-01-07,C0425,São Vicente,Higiene,15,390
V001177,2025-01-08,C0011,Santiago,Limpeza,3,180
V002426,2025-01-08,C0030,Sal,Frescos,33,650
V006940,2025-01-08,C0101,Boa Vista,Bebidas,15,900
V020512,2025-01-08,C0295,Santiago,Mercearia,8,330
V027494,2025-01-08,C0395,Santiago,Bebidas,28,150
V012320,2025-01-09,C0185,Sal,Frescos,25,200
V017340,2025-01-09,C0254,Santiago,Higiene,4,420
V018070,2025-01-09,C0266,São Vicente,Mercearia,6,330
V006371,2025-01-10,C0088,Santiago,Mercearia,34,330
V009888,2025-01-10,C0143,Santiago,Frescos,35,180
V019626,2025-01-10,C0284,São Vicente,Mercearia,27,150
V023642,2025-01-10,C0339,Sal,Bebidas,16,220
V000354,2025-01-11,C0005,Santo Antão,Mercearia,5,150
V007255,2025-01-11,C0104,Boa Vista,Higiene,27,420
V011549,2025-01-11,C0169,Sal,Bebidas,7,480
V012604,2025-01-11,C0190,Sal,Frescos,4,150
V000145,2025-01-12,C0003,Santiago,Bebidas,1,480
V011278,2025-01-12,C0166,Santiago,Mercearia,16,140
V015618,2025-01-12,C0227,Santo Antão,Mercearia,16,260
V000356,2025-01-13,C0005,Santo Antão,Mercearia,1,110
V012831,2025-01-13,C0193,Sal,Frescos,22,650
V015194,2025-01-13,C0222,Sal,Bebidas,12,110
V000769,2025-01-14,C0008,Santiago,Bebidas,17,110
V010100,2025-01-14,C0146,Sal,Mercearia,13,140
V017962,2025-01-14,C0264,Santiago,Bebidas,7,150
V021319,2025-01-14,C0306,Santiago,Mercearia,9,260
V024889,2025-01-14,C0356,Fogo,Frescos,4,150
V033756,2025-01-14,C0480,Santiago,Limpeza,3,150
V003294,2025-01-15,C0041,Boa Vista,Mercearia,4,160
V020940,2025-01-15,C0301,Santo Antão,Bebidas,4,150
V033560,2025-01-15,C0477,São Vicente,Higiene,20,480
V004814,2025-01-16,C0058,Santiago,Bebidas,24,220
V007743,2025-01-16,C0111,Santiago,Mercearia,4,120
V012605,2025-01-16,C0190,Sal,Limpeza,24,1250
V011708,2025-01-17,C0173,São Vicente,Mercearia,15,130
V005293,2025-01-18,C0066,Santiago,Bebidas,14,220
V009504,2025-01-18,C0138,Santiago,Limpeza,18,150
V011152,2025-01-18,C0164,Santiago,Higiene,13,420
V018225,2025-01-18,C0269,Boa Vista,Frescos,16,220
V018039,2025-01-19,C0265,São Vicente,Frescos,23,650
V020782,2025-01-19,C0298,Santiago,Mercearia,4,110
V027013,2025-01-19,C0388,Santiago,Frescos,3,140
V004598,2025-01-20,C0056,São Vicente,Frescos,1,140
V021324,2025-01-20,C0306,Santiago,Mercearia,36,130
V030374,2025-01-20,C0436,Sal,Mercearia,1,60
V012607,2025-01-21,C0190,Sal,Mercearia,16,120
V014895,2025-01-21,C0217,Boa Vista,Limpeza,21,150
V018954,2025-01-21,C0277,São Vicente,Mercearia,39,60
V013410,2025-01-22,C0201,Santiago,Frescos,17,150
V013848,2025-01-22,C0206,Santo Antão,Frescos,33,220
V014896,2025-01-22,C0217,Boa Vista,Bebidas,30,110
V032482,2025-01-22,C0461,Santiago,Bebidas,11,900
V011414,2025-01-23,C0167,São Vicente,Bebidas,13,900
V023215,2025-01-23,C0332,Santiago,Frescos,13,220
V024407,2025-01-23,C0349,Santo Antão,Higiene,3,420
V027501,2025-01-23,C0395,Santiago,Limpeza,30,260
V006306,2025-01-24,C0085,Fogo,Limpeza,2,690
V010884,2025-01-24,C0158,São Vicente,Mercearia,28,150
V018042,2025-01-24,C0265,São Vicente,Mercearia,11,330
V020783,2025-01-24,C0298,Santiago,Mercearia,37,60
V022982,2025-01-24,C0327,Sal,Mercearia,2,140
V002995,2025-01-26,C0038,Santiago,Bebidas,9,150
V030517,2025-01-26,C0439,São Vicente,Limpeza,33,260
V002176,2025-01-28,C0027,Santiago,Frescos,23,360
V004139,2025-01-28,C0051,Sal,Mercearia,39,130
V009736,2025-01-28,C0140,Santiago,Frescos,19,180
V004270,2025-01-29,C0053,Santiago,Mercearia,21,150
V026161,2025-01-29,C0377,São Vicente,Bebidas,10,220
V029252,2025-01-29,C0417,Sal,Limpeza,31,260
V001334,2025-01-30,C0014,Santiago,Limpeza,24,150
V013065,2025-01-30,C0196,Santiago,Mercearia,2,330
V030729,2025-01-30,C0440,Boa Vista,Higiene,2,390
V031978,2025-01-30,C0454,São Vicente,Higiene,27,420
V006226,2025-01-31,C0083,São Vicente,Limpeza,6,1250
V019169,2025-01-31,C0278,Santiago,Mercearia,34,150
V019400,2025-01-31,C0280,São Vicente,Limpeza,21,690
V022307,2025-01-31,C0319,Santiago,Frescos,24,200
V004886,2025-02-01,C0059,Sal,Frescos,33,150
V021328,2025-02-01,C0306,Santiago,Frescos,36,140
V033158,2025-02-01,C0471,Santiago,Limpeza,19,150
V001182,2025-02-02,C0011,Santiago,Higiene,8,210
V026163,2025-02-02,C0377,São Vicente,Mercearia,9,210
V027676,2025-02-02,C0396,Boa Vista,Frescos,4,360
V032072,2025-02-02,C0456,Santiago,Bebidas,10,110
V023486,2025-02-03,C0337,Santiago,Higiene,34,480
V025238,2025-02-03,C0360,Santo Antão,Higiene,20,390
V011620,2025-02-04,C0170,São Vicente,Mercearia,3,140
V001185,2025-02-05,C0011,Santiago,Higiene,14,210
V018228,2025-02-05,C0269,Boa Vista,Bebidas,24,220
V007272,2025-02-07,C0104,Boa Vista,Bebidas,11,110
V023719,2025-02-07,C0341,Fogo,Frescos,20,150
V025707,2025-02-07,C0369,São Vicente,Limpeza,11,690
V032971,2025-02-07,C0468,Santo Antão,Frescos,3,180
V015290,2025-02-08,C0223,Santiago,Mercearia,24,140
V033428,2025-02-08,C0476,Santiago,Mercearia,15,260
V009293,2025-02-09,C0134,Santiago,Frescos,33,140
V012906,2025-02-09,C0194,Santo Antão,Frescos,19,140
V025900,2025-02-09,C0371,Fogo,Higiene,2,480
V033705,2025-02-09,C0479,Santiago,Limpeza,14,260
V005968,2025-02-10,C0077,Santiago,Limpeza,30,180
V023216,2025-02-10,C0332,Santiago,Mercearia,9,260
V024408,2025-02-11,C0349,Santo Antão,Limpeza,35,150
V028781,2025-02-11,C0410,Santiago,Limpeza,24,180
V002638,2025-02-12,C0031,Santiago,Mercearia,6,60
V003308,2025-02-12,C0041,Boa Vista,Bebidas,39,110
V009975,2025-02-12,C0144,Fogo,Higiene,3,420
V005646,2025-02-13,C0075,Fogo,Frescos,30,200
V007814,2025-02-13,C0112,Fogo,Higiene,25,390
V016212,2025-02-13,C0238,Santiago,Frescos,39,140
V019910,2025-02-13,C0290,Sal,Mercearia,4,130
V032491,2025-02-13,C0461,Santiago,Higiene,21,480
V009739,2025-02-14,C0140,Santiago,Frescos,12,200
V014908,2025-02-14,C0217,Boa Vista,Limpeza,32,150
V015007,2025-02-14,C0219,Santiago,Higiene,22,420
V021095,2025-02-14,C0303,Santiago,Limpeza,33,150
V022962,2025-02-14,C0326,São Vicente,Limpeza,3,150
V030522,2025-02-14,C0439,São Vicente,Bebidas,18,900
V012445,2025-02-15,C0188,Santiago,Limpeza,22,150
V027294,2025-02-15,C0393,Santiago,Frescos,36,140
V001335,2025-02-16,C0014,Santiago,Limpeza,25,260
V022984,2025-02-16,C0327,Sal,Higiene,37,390
V000776,2025-02-17,C0008,Santiago,Mercearia,17,110
V024272,2025-02-17,C0348,Santiago,Mercearia,18,110
V028883,2025-02-17,C0411,Santo Antão,Frescos,5,220
V013854,2025-02-18,C0206,Santo Antão,Mercearia,18,160
V027019,2025-02-18,C0388,Santiago,Higiene,10,390
V027940,2025-02-18,C0402,São Vicente,Frescos,30,650
V002906,2025-02-19,C0037,Boa Vista,Mercearia,15,260
V008340,2025-02-19,C0121,Santo Antão,Mercearia,3,210
V013856,2025-02-19,C0206,Santo Antão,Bebidas,34,90
V018347,2025-02-19,C0270,Santiago,Mercearia,29,110
V025516,2025-02-20,C0368,Santo Antão,Frescos,17,360
V029744,2025-02-20,C0426,Fogo,Mercearia,31,210
V001459,2025-02-21,C0015,São Vicente,Higiene,39,480
V003746,2025-02-21,C0046,Santiago,Higiene,9,390
V004822,2025-02-21,C0058,Santiago,Bebidas,9,90
V007456,2025-02-21,C0106,Boa Vista,Mercearia,9,210
V011820,2025-02-21,C0175,Santo Antão,Limpeza,39,150
V021241,2025-02-21,C0305,Santiago,Limpeza,22,690
V001075,2025-02-22,C0010,Santiago,Mercearia,16,210
V018236,2025-02-22,C0269,Boa Vista,Bebidas,2,90
V029745,2025-02-22,C0426,Fogo,Limpeza,26,260
V027678,2025-02-23,C0396,Boa Vista,Limpeza,4,260
V029377,2025-02-23,C0418,Sal,Higiene,7,210
V003967,2025-02-24,C0048,Santiago,Bebidas,17,150
V006165,2025-02-24,C0082,São Vicente,Mercearia,13,210
V020522,2025-02-24,C0295,Santiago,Mercearia,23,210
V026229,2025-02-24,C0378,São Vicente,Mercearia,27,120
V029378,2025-02-24,C0418,Sal,Limpeza,34,690
V030529,2025-02-24,C0439,São Vicente,Frescos,19,150
V019917,2025-02-25,C0290,Sal,Mercearia,31,60
V009185,2025-02-26,C0133,Santiago,Limpeza,14,1250
V011288,2025-02-26,C0166,Santiago,Frescos,16,360
V014911,2025-02-26,C0217,Boa Vista,Limpeza,34,690
V028786,2025-02-26,C0410,Santiago,Mercearia,23,120
V030303,2025-02-26,C0435,Fogo,Higiene,21,390
V000679,2025-02-27,C0007,São Vicente,Bebidas,8,110
V017876,2025-02-27,C0263,Boa Vista,Bebidas,7,110
V023378,2025-02-27,C0336,Sal,Mercearia,1,60
V026496,2025-02-27,C0384,São Vicente,Limpeza,27,150
V028447,2025-02-27,C0406,Santo Antão,Limpeza,15,260
V002453,2025-02-28,C0030,Sal,Mercearia,3,210
V003315,2025-02-28,C0041,Boa Vista,Frescos,27,200
V005653,2025-03-01,C0075,Fogo,Higiene,9,210
V006573,2025-03-02,C0093,Fogo,Mercearia,18,150
V012809,2025-03-02,C0192,Sal,Higiene,4,480
V013861,2025-03-02,C0206,Santo Antão,Frescos,18,200
V016494,2025-03-02,C0240,Santiago,Bebidas,4,110
V025165,2025-03-02,C0359,Sal,Higiene,37,420
V026434,2025-03-02,C0383,Santiago,Frescos,18,650
V003318,2025-03-03,C0041,Boa Vista,Limpeza,14,1250
V007747,2025-03-03,C0111,Santiago,Frescos,1,360
V011048,2025-03-03,C0162,Santiago,Bebidas,18,110
V014629,2025-03-03,C0216,Santiago,Mercearia,8,210
V022008,2025-03-03,C0316,Sal,Frescos,11,200
V026861,2025-03-03,C0387,São Vicente,Limpeza,5,180
V000587,2025-03-04,C0006,Sal,Frescos,20,360
V008344,2025-03-04,C0121,Santo Antão,Limpeza,23,150
V014535,2025-03-04,C0214,Santiago,Mercearia,16,150
V026435,2025-03-04,C0383,Santiago,Limpeza,8,260
V029029,2025-03-04,C0415,Santiago,Bebidas,38,480
V014328,2025-03-05,C0211,São Vicente,Bebidas,2,220
V002730,2025-03-06,C0033,Boa Vista,Mercearia,23,140
V007625,2025-03-06,C0109,Santiago,Frescos,6,150
V008612,2025-03-06,C0125,Santiago,Bebidas,25,900
V027299,2025-03-06,C0393,Santiago,Bebidas,2,90
V001765,2025-03-07,C0019,Santiago,Mercearia,18,160
V014135,2025-03-07,C0209,Santiago,Mercearia,6,330
V021099,2025-03-07,C0303,Santiago,Mercearia,23,120
V023594,2025-03-07,C0338,Boa Vista,Frescos,27,360
V032810,2025-03-07,C0463,Sal,Bebidas,8,150
V026069,2025-03-08,C0376,São Vicente,Bebidas,37,220
V002908,2025-03-09,C0037,Boa Vista,Frescos,15,150
V017965,2025-03-09,C0264,Santiago,Frescos,11,140
V018978,2025-03-09,C0277,São Vicente,Higiene,24,390
V027254,2025-03-09,C0391,Santiago,Bebidas,14,90
V033067,2025-03-09,C0470,Fogo,Limpeza,2,1250
V003002,2025-03-10,C0038,Santiago,Bebidas,18,90
V006952,2025-03-10,C0101,Boa Vista,Bebidas,27,150
V012190,2025-03-10,C0182,Fogo,Mercearia,20,150
V012622,2025-03-10,C0190,Sal,Higiene,5,480
V014238,2025-03-11,C0210,São Vicente,Mercearia,19,160
V025247,2025-03-11,C0360,Santo Antão,Higiene,28,390
V000382,2025-03-12,C0005,Santo Antão,Mercearia,14,160
V001647,2025-03-12,C0018,Santiago,Limpeza,16,1250
V006669,2025-03-12,C0097,Sal,Mercearia,10,330
V012322,2025-03-12,C0185,Sal,Bebidas,2,900
V027024,2025-03-12,C0388,Santiago,Higiene,7,390
V005657,2025-03-13,C0075,Fogo,Limpeza,39,150
V019927,2025-03-13,C0290,Sal,Bebidas,38,900
V024905,2025-03-13,C0356,Fogo,Higiene,6,420
V025057,2025-03-13,C0358,Fogo,Mercearia,4,140
V026236,2025-03-13,C0378,São Vicente,Frescos,11,140
V026869,2025-03-13,C0387,São Vicente,Higiene,1,480
V000147,2025-03-14,C0003,Santiago,Frescos,19,220
V017050,2025-03-14,C0249,Santiago,Frescos,38,220
V021813,2025-03-14,C0314,Santiago,Frescos,17,150
V028222,2025-03-14,C0404,Fogo,Higiene,13,390
V030742,2025-03-14,C0440,Boa Vista,Bebidas,39,480
V004742,2025-03-15,C0057,São Vicente,Mercearia,1,60
V009983,2025-03-15,C0144,Fogo,Frescos,22,360
V024732,2025-03-15,C0354,Santiago,Frescos,5,220
V033762,2025-03-15,C0480,Santiago,Limpeza,1,260
V000943,2025-03-16,C0009,Fogo,Higiene,22,210
V020173,2025-03-16,C0291,São Vicente,Mercearia,18,210
V020948,2025-03-16,C0301,Santo Antão,Limpeza,29,1250
V025718,2025-03-16,C0369,São Vicente,Frescos,33,140
V032500,2025-03-17,C0461,Santiago,Frescos,11,200
V018985,2025-03-18,C0277,São Vicente,Frescos,24,180
V021752,2025-03-18,C0313,Santiago,Mercearia,20,110
V033244,2025-03-18,C0472,Fogo,Frescos,5,650
V028597,2025-03-19,C0409,Fogo,Mercearia,15,110
V004744,2025-03-20,C0057,São Vicente,Bebidas,13,110
V007631,2025-03-20,C0109,Santiago,Higiene,19,420
V004827,2025-03-21,C0058,Santiago,Mercearia,20,150
V008488,2025-03-21,C0122,São Vicente,Higiene,24,390
V015715,2025-03-21,C0228,Boa Vista,Frescos,21,650
V007460,2025-03-22,C0106,Boa Vista,Mercearia,10,150
V017353,2025-03-22,C0254,Santiago,Bebidas,2,220
V025166,2025-03-22,C0359,Sal,Mercearia,19,120
V027303,2025-03-22,C0393,Santiago,Frescos,11,360
V029383,2025-03-22,C0418,Sal,Mercearia,28,160
V013870,2025-03-23,C0206,Santo Antão,Mercearia,31,160
V014334,2025-03-23,C0211,São Vicente,Limpeza,17,1250
V011552,2025-03-24,C0169,Sal,Frescos,27,150
V020951,2025-03-24,C0301,Santo Antão,Limpeza,3,180
V024005,2025-03-24,C0344,Fogo,Bebidas,36,900
V025723,2025-03-24,C0369,São Vicente,Bebidas,1,90
V027686,2025-03-24,C0396,Boa Vista,Mercearia,10,210
V004615,2025-03-25,C0056,São Vicente,Frescos,4,650
V005186,2025-03-25,C0064,São Vicente,Limpeza,23,150
V009522,2025-03-25,C0138,Santiago,Mercearia,39,160
V013655,2025-03-25,C0204,Santiago,Limpeza,34,180
V013871,2025-03-25,C0206,Santo Antão,Frescos,24,650
V014932,2025-03-25,C0217,Boa Vista,Frescos,28,220
V025724,2025-03-25,C0369,São Vicente,Mercearia,7,110
V031003,2025-03-25,C0445,São Vicente,Frescos,8,650
V032420,2025-03-25,C0460,Santiago,Higiene,17,420
V007752,2025-03-26,C0111,Santiago,Bebidas,8,110
V020340,2025-03-26,C0293,Fogo,Mercearia,38,260
V020864,2025-03-26,C0300,São Vicente,Frescos,8,220
V027748,2025-03-26,C0397,Santiago,Mercearia,2,160
V032184,2025-03-26,C0457,São Vicente,Limpeza,17,690
V011419,2025-03-27,C0167,São Vicente,Limpeza,18,690
V020952,2025-03-27,C0301,Santo Antão,Mercearia,14,210
V000949,2025-03-28,C0009,Fogo,Higiene,10,480
V004746,2025-03-28,C0057,São Vicente,Higiene,23,420
V005479,2025-03-28,C0069,Santo Antão,Limpeza,24,260
V006028,2025-03-28,C0078,Santiago,Limpeza,3,1250
V018989,2025-03-28,C0277,São Vicente,Limpeza,7,1250
V033584,2025-03-28,C0477,São Vicente,Limpeza,1,690
V012630,2025-03-29,C0190,Sal,Bebidas,14,90
V016989,2025-03-29,C0247,Santiago,Higiene,9,210
V023343,2025-03-29,C0335,São Vicente,Mercearia,1,120
V009664,2025-03-30,C0139,Boa Vista,Mercearia,18,330
V029820,2025-03-30,C0427,Santiago,Higiene,11,210
V012022,2025-03-31,C0180,Santiago,Limpeza,21,260
V012070,2025-03-31,C0181,Santiago,Limpeza,8,690
